﻿{
  "items": [
    {
      "name": "Default",
      "isParent": true,
      "icon": "nav-icon fas fa-copy",
      "childItems": [
        {
          "name": "AdvancedForm",
          "isParent": false,
          "url": "/Default/AdvancedForm"
        },
        {
          "name": "SimpleTables",
          "isParent": false,
          "url": "/Default/SimpleTables"
        },
        {
          "name": "SimpleForm",
          "isParent": false,
          "url": "/Default/SimpleForm"
        }
      ]
    }
  ]
}